#,File Path,Line Number,Line Content
1,C:/Users/Adi/OneDrive/Utility/Comments\TestComments.java,4,org.apache.catalina.ant
2,C:/Users/Adi/OneDrive/Utility/Comments\TestComments.java,10,"keyword_in_code = ""apache""  # Should match 'apache' in code"
3,C:/Users/Adi/OneDrive/Utility/Comments\TestComments.java,15,"String s = ""org.apache.catalina.ant""; // Keyword in string, inline comment ignored"
4,C:/Users/Adi/OneDrive/Utility/Comments\TestComments.java,23,"echo ""keyword org.apache in code""  # Inline shell comment"
5,C:/Users/Adi/OneDrive/Utility/Comments\TestComments.java,34,<div>keyword apache in div</div>
6,C:/Users/Adi/OneDrive/Utility/Comments\TestComments.java,37,   org.apache.catalina.ant inside
7,C:/Users/Adi/OneDrive/Utility/Comments\TestComments.java,46,abc/def/apache.txt  # Path-like line should still match keyword
8,C:/Users/Adi/OneDrive/Utility/Comments\TestComments.java,47,"""path/with/keyword/org.apache""  # Should match"

--- SUMMARY ---
Search Keyword:,apache
Total Matches:,8
Unique Files Count:,1
Unique Files:
C:/Users/Adi/OneDrive/Utility/Comments\TestComments.java
